X_mm,Y_mm
254.0,29.0
255.0,29.0
256.0,29.0
259.0,29.0
260.0,29.0
261.0,29.0
264.0,29.0
265.0,29.0
266.0,29.0
268.0,29.0
269.0,29.0
270.0,29.0
273.0,29.0
274.0,29.0
275.0,29.0
278.0,29.0
279.0,29.0
280.0,29.0
282.0,29.0
283.0,29.0
284.0,29.0
287.0,29.0
288.0,29.0
289.0,29.0
292.0,29.0
293.0,29.0
294.0,29.0
296.0,29.0
297.0,29.0
298.0,29.0
254.0,30.0
255.0,30.0
256.0,30.0
259.0,30.0
260.0,30.0
261.0,30.0
264.0,30.0
265.0,30.0
266.0,30.0
268.0,30.0
269.0,30.0
270.0,30.0
273.0,30.0
274.0,30.0
275.0,30.0
278.0,30.0
279.0,30.0
280.0,30.0
282.0,30.0
283.0,30.0
284.0,30.0
287.0,30.0
288.0,30.0
289.0,30.0
292.0,30.0
293.0,30.0
294.0,30.0
296.0,30.0
297.0,30.0
298.0,30.0
254.0,31.0
255.0,31.0
256.0,31.0
259.0,31.0
260.0,31.0
261.0,31.0
264.0,31.0
265.0,31.0
266.0,31.0
268.0,31.0
269.0,31.0
270.0,31.0
273.0,31.0
274.0,31.0
275.0,31.0
278.0,31.0
279.0,31.0
280.0,31.0
282.0,31.0
283.0,31.0
284.0,31.0
287.0,31.0
288.0,31.0
289.0,31.0
292.0,31.0
293.0,31.0
294.0,31.0
296.0,31.0
297.0,31.0
298.0,31.0
207.0,34.0
208.0,34.0
209.0,34.0
212.0,34.0
213.0,34.0
214.0,34.0
217.0,34.0
218.0,34.0
219.0,34.0
221.0,34.0
222.0,34.0
223.0,34.0
226.0,34.0
227.0,34.0
228.0,34.0
231.0,34.0
232.0,34.0
233.0,34.0
235.0,34.0
236.0,34.0
237.0,34.0
240.0,34.0
241.0,34.0
242.0,34.0
245.0,34.0
246.0,34.0
247.0,34.0
249.0,34.0
250.0,34.0
251.0,34.0
254.0,34.0
255.0,34.0
256.0,34.0
259.0,34.0
260.0,34.0
261.0,34.0
264.0,34.0
265.0,34.0
266.0,34.0
268.0,34.0
269.0,34.0
270.0,34.0
273.0,34.0
274.0,34.0
275.0,34.0
278.0,34.0
279.0,34.0
280.0,34.0
282.0,34.0
283.0,34.0
284.0,34.0
287.0,34.0
288.0,34.0
289.0,34.0
292.0,34.0
293.0,34.0
294.0,34.0
296.0,34.0
297.0,34.0
298.0,34.0
301.0,34.0
302.0,34.0
303.0,34.0
306.0,34.0
307.0,34.0
308.0,34.0
310.0,34.0
311.0,34.0
312.0,34.0
315.0,34.0
316.0,34.0
317.0,34.0
320.0,34.0
321.0,34.0
322.0,34.0
325.0,34.0
326.0,34.0
327.0,34.0
329.0,34.0
330.0,34.0
331.0,34.0
334.0,34.0
335.0,34.0
336.0,34.0
339.0,34.0
340.0,34.0
341.0,34.0
343.0,34.0
344.0,34.0
345.0,34.0
207.0,35.0
208.0,35.0
209.0,35.0
212.0,35.0
213.0,35.0
214.0,35.0
217.0,35.0
218.0,35.0
219.0,35.0
221.0,35.0
222.0,35.0
223.0,35.0
226.0,35.0
227.0,35.0
228.0,35.0
231.0,35.0
232.0,35.0
233.0,35.0
235.0,35.0
236.0,35.0
237.0,35.0
240.0,35.0
241.0,35.0
242.0,35.0
245.0,35.0
246.0,35.0
247.0,35.0
249.0,35.0
250.0,35.0
251.0,35.0
254.0,35.0
255.0,35.0
256.0,35.0
259.0,35.0
260.0,35.0
261.0,35.0
264.0,35.0
265.0,35.0
266.0,35.0
268.0,35.0
269.0,35.0
270.0,35.0
273.0,35.0
274.0,35.0
275.0,35.0
278.0,35.0
279.0,35.0
280.0,35.0
282.0,35.0
283.0,35.0
284.0,35.0
287.0,35.0
288.0,35.0
289.0,35.0
292.0,35.0
293.0,35.0
294.0,35.0
296.0,35.0
297.0,35.0
298.0,35.0
301.0,35.0
302.0,35.0
303.0,35.0
306.0,35.0
307.0,35.0
308.0,35.0
310.0,35.0
311.0,35.0
312.0,35.0
315.0,35.0
316.0,35.0
317.0,35.0
320.0,35.0
321.0,35.0
322.0,35.0
325.0,35.0
326.0,35.0
327.0,35.0
329.0,35.0
330.0,35.0
331.0,35.0
334.0,35.0
335.0,35.0
336.0,35.0
339.0,35.0
340.0,35.0
341.0,35.0
343.0,35.0
344.0,35.0
345.0,35.0
207.0,36.0
208.0,36.0
209.0,36.0
212.0,36.0
213.0,36.0
214.0,36.0
217.0,36.0
218.0,36.0
219.0,36.0
221.0,36.0
222.0,36.0
223.0,36.0
226.0,36.0
227.0,36.0
228.0,36.0
231.0,36.0
232.0,36.0
233.0,36.0
235.0,36.0
236.0,36.0
237.0,36.0
240.0,36.0
241.0,36.0
242.0,36.0
245.0,36.0
246.0,36.0
247.0,36.0
249.0,36.0
250.0,36.0
251.0,36.0
254.0,36.0
255.0,36.0
256.0,36.0
259.0,36.0
260.0,36.0
261.0,36.0
264.0,36.0
265.0,36.0
266.0,36.0
268.0,36.0
269.0,36.0
270.0,36.0
273.0,36.0
274.0,36.0
275.0,36.0
278.0,36.0
279.0,36.0
280.0,36.0
282.0,36.0
283.0,36.0
284.0,36.0
287.0,36.0
288.0,36.0
289.0,36.0
292.0,36.0
293.0,36.0
294.0,36.0
296.0,36.0
297.0,36.0
298.0,36.0
301.0,36.0
302.0,36.0
303.0,36.0
306.0,36.0
307.0,36.0
308.0,36.0
310.0,36.0
311.0,36.0
312.0,36.0
315.0,36.0
316.0,36.0
317.0,36.0
320.0,36.0
321.0,36.0
322.0,36.0
325.0,36.0
326.0,36.0
327.0,36.0
329.0,36.0
330.0,36.0
331.0,36.0
334.0,36.0
335.0,36.0
336.0,36.0
339.0,36.0
340.0,36.0
341.0,36.0
343.0,36.0
344.0,36.0
345.0,36.0
198.0,38.0
199.0,38.0
200.0,38.0
202.0,38.0
203.0,38.0
204.0,38.0
207.0,38.0
208.0,38.0
209.0,38.0
212.0,38.0
213.0,38.0
214.0,38.0
217.0,38.0
218.0,38.0
219.0,38.0
221.0,38.0
222.0,38.0
223.0,38.0
226.0,38.0
227.0,38.0
228.0,38.0
325.0,38.0
326.0,38.0
327.0,38.0
329.0,38.0
330.0,38.0
331.0,38.0
334.0,38.0
335.0,38.0
336.0,38.0
339.0,38.0
340.0,38.0
341.0,38.0
343.0,38.0
344.0,38.0
345.0,38.0
348.0,38.0
349.0,38.0
350.0,38.0
353.0,38.0
354.0,38.0
355.0,38.0
357.0,38.0
358.0,38.0
359.0,38.0
198.0,39.0
199.0,39.0
200.0,39.0
202.0,39.0
203.0,39.0
204.0,39.0
207.0,39.0
208.0,39.0
209.0,39.0
212.0,39.0
213.0,39.0
214.0,39.0
217.0,39.0
218.0,39.0
219.0,39.0
221.0,39.0
222.0,39.0
223.0,39.0
226.0,39.0
227.0,39.0
228.0,39.0
325.0,39.0
326.0,39.0
327.0,39.0
329.0,39.0
330.0,39.0
331.0,39.0
334.0,39.0
335.0,39.0
336.0,39.0
339.0,39.0
340.0,39.0
341.0,39.0
343.0,39.0
344.0,39.0
345.0,39.0
348.0,39.0
349.0,39.0
350.0,39.0
353.0,39.0
354.0,39.0
355.0,39.0
357.0,39.0
358.0,39.0
359.0,39.0
198.0,40.0
199.0,40.0
200.0,40.0
202.0,40.0
203.0,40.0
204.0,40.0
207.0,40.0
208.0,40.0
209.0,40.0
212.0,40.0
213.0,40.0
214.0,40.0
217.0,40.0
218.0,40.0
219.0,40.0
221.0,40.0
222.0,40.0
223.0,40.0
226.0,40.0
227.0,40.0
228.0,40.0
325.0,40.0
326.0,40.0
327.0,40.0
329.0,40.0
330.0,40.0
331.0,40.0
334.0,40.0
335.0,40.0
336.0,40.0
339.0,40.0
340.0,40.0
341.0,40.0
343.0,40.0
344.0,40.0
345.0,40.0
348.0,40.0
349.0,40.0
350.0,40.0
353.0,40.0
354.0,40.0
355.0,40.0
357.0,40.0
358.0,40.0
359.0,40.0
188.0,42.0
189.0,42.0
190.0,42.0
193.0,42.0
194.0,42.0
195.0,42.0
198.0,42.0
199.0,42.0
200.0,42.0
202.0,42.0
203.0,42.0
204.0,42.0
348.0,42.0
349.0,42.0
350.0,42.0
353.0,42.0
354.0,42.0
355.0,42.0
357.0,42.0
358.0,42.0
359.0,42.0
362.0,42.0
363.0,42.0
364.0,42.0
188.0,43.0
189.0,43.0
190.0,43.0
193.0,43.0
194.0,43.0
195.0,43.0
198.0,43.0
199.0,43.0
200.0,43.0
202.0,43.0
203.0,43.0
204.0,43.0
348.0,43.0
349.0,43.0
350.0,43.0
353.0,43.0
354.0,43.0
355.0,43.0
357.0,43.0
358.0,43.0
359.0,43.0
362.0,43.0
363.0,43.0
364.0,43.0
188.0,44.0
189.0,44.0
190.0,44.0
193.0,44.0
194.0,44.0
195.0,44.0
198.0,44.0
199.0,44.0
200.0,44.0
202.0,44.0
203.0,44.0
204.0,44.0
348.0,44.0
349.0,44.0
350.0,44.0
353.0,44.0
354.0,44.0
355.0,44.0
357.0,44.0
358.0,44.0
359.0,44.0
362.0,44.0
363.0,44.0
364.0,44.0
184.0,47.0
185.0,47.0
186.0,47.0
188.0,47.0
189.0,47.0
190.0,47.0
193.0,47.0
194.0,47.0
195.0,47.0
362.0,47.0
363.0,47.0
364.0,47.0
367.0,47.0
368.0,47.0
369.0,47.0
184.0,48.0
185.0,48.0
186.0,48.0
188.0,48.0
189.0,48.0
190.0,48.0
193.0,48.0
194.0,48.0
195.0,48.0
362.0,48.0
363.0,48.0
364.0,48.0
367.0,48.0
368.0,48.0
369.0,48.0
184.0,49.0
185.0,49.0
186.0,49.0
188.0,49.0
189.0,49.0
190.0,49.0
193.0,49.0
194.0,49.0
195.0,49.0
362.0,49.0
363.0,49.0
364.0,49.0
367.0,49.0
368.0,49.0
369.0,49.0
179.0,51.0
180.0,51.0
181.0,51.0
184.0,51.0
185.0,51.0
186.0,51.0
367.0,51.0
368.0,51.0
369.0,51.0
372.0,51.0
373.0,51.0
374.0,51.0
179.0,52.0
180.0,52.0
181.0,52.0
184.0,52.0
185.0,52.0
186.0,52.0
367.0,52.0
368.0,52.0
369.0,52.0
372.0,52.0
373.0,52.0
374.0,52.0
179.0,53.0
180.0,53.0
181.0,53.0
184.0,53.0
185.0,53.0
186.0,53.0
367.0,53.0
368.0,53.0
369.0,53.0
372.0,53.0
373.0,53.0
374.0,53.0
179.0,56.0
180.0,56.0
181.0,56.0
184.0,56.0
185.0,56.0
186.0,56.0
372.0,56.0
373.0,56.0
374.0,56.0
376.0,56.0
377.0,56.0
378.0,56.0
179.0,57.0
180.0,57.0
181.0,57.0
184.0,57.0
185.0,57.0
186.0,57.0
372.0,57.0
373.0,57.0
374.0,57.0
376.0,57.0
377.0,57.0
378.0,57.0
179.0,58.0
180.0,58.0
181.0,58.0
184.0,58.0
185.0,58.0
186.0,58.0
372.0,58.0
373.0,58.0
374.0,58.0
376.0,58.0
377.0,58.0
378.0,58.0
174.0,60.0
175.0,60.0
176.0,60.0
179.0,60.0
180.0,60.0
181.0,60.0
372.0,60.0
373.0,60.0
374.0,60.0
376.0,60.0
377.0,60.0
378.0,60.0
174.0,61.0
175.0,61.0
176.0,61.0
179.0,61.0
180.0,61.0
181.0,61.0
372.0,61.0
373.0,61.0
374.0,61.0
376.0,61.0
377.0,61.0
378.0,61.0
174.0,62.0
175.0,62.0
176.0,62.0
179.0,62.0
180.0,62.0
181.0,62.0
372.0,62.0
373.0,62.0
374.0,62.0
376.0,62.0
377.0,62.0
378.0,62.0
174.0,64.0
175.0,64.0
176.0,64.0
179.0,64.0
180.0,64.0
181.0,64.0
372.0,64.0
373.0,64.0
374.0,64.0
376.0,64.0
377.0,64.0
378.0,64.0
174.0,65.0
175.0,65.0
176.0,65.0
179.0,65.0
180.0,65.0
181.0,65.0
372.0,65.0
373.0,65.0
374.0,65.0
376.0,65.0
377.0,65.0
378.0,65.0
174.0,66.0
175.0,66.0
176.0,66.0
179.0,66.0
180.0,66.0
181.0,66.0
372.0,66.0
373.0,66.0
374.0,66.0
376.0,66.0
377.0,66.0
378.0,66.0
174.0,69.0
175.0,69.0
176.0,69.0
179.0,69.0
180.0,69.0
181.0,69.0
367.0,69.0
368.0,69.0
369.0,69.0
372.0,69.0
373.0,69.0
374.0,69.0
376.0,69.0
377.0,69.0
378.0,69.0
174.0,70.0
175.0,70.0
176.0,70.0
179.0,70.0
180.0,70.0
181.0,70.0
367.0,70.0
368.0,70.0
369.0,70.0
372.0,70.0
373.0,70.0
374.0,70.0
376.0,70.0
377.0,70.0
378.0,70.0
174.0,71.0
175.0,71.0
176.0,71.0
179.0,71.0
180.0,71.0
181.0,71.0
367.0,71.0
368.0,71.0
369.0,71.0
372.0,71.0
373.0,71.0
374.0,71.0
376.0,71.0
377.0,71.0
378.0,71.0
170.0,73.0
171.0,73.0
172.0,73.0
174.0,73.0
175.0,73.0
176.0,73.0
179.0,73.0
180.0,73.0
181.0,73.0
367.0,73.0
368.0,73.0
369.0,73.0
372.0,73.0
373.0,73.0
374.0,73.0
376.0,73.0
377.0,73.0
378.0,73.0
170.0,74.0
171.0,74.0
172.0,74.0
174.0,74.0
175.0,74.0
176.0,74.0
179.0,74.0
180.0,74.0
181.0,74.0
367.0,74.0
368.0,74.0
369.0,74.0
372.0,74.0
373.0,74.0
374.0,74.0
376.0,74.0
377.0,74.0
378.0,74.0
170.0,75.0
171.0,75.0
172.0,75.0
174.0,75.0
175.0,75.0
176.0,75.0
179.0,75.0
180.0,75.0
181.0,75.0
367.0,75.0
368.0,75.0
369.0,75.0
372.0,75.0
373.0,75.0
374.0,75.0
376.0,75.0
377.0,75.0
378.0,75.0
170.0,77.0
171.0,77.0
172.0,77.0
174.0,77.0
175.0,77.0
176.0,77.0
179.0,77.0
180.0,77.0
181.0,77.0
376.0,77.0
377.0,77.0
378.0,77.0
170.0,78.0
171.0,78.0
172.0,78.0
174.0,78.0
175.0,78.0
176.0,78.0
179.0,78.0
180.0,78.0
181.0,78.0
376.0,78.0
377.0,78.0
378.0,78.0
170.0,79.0
171.0,79.0
172.0,79.0
174.0,79.0
175.0,79.0
176.0,79.0
179.0,79.0
180.0,79.0
181.0,79.0
376.0,79.0
377.0,79.0
378.0,79.0
174.0,82.0
175.0,82.0
176.0,82.0
179.0,82.0
180.0,82.0
181.0,82.0
372.0,82.0
373.0,82.0
374.0,82.0
376.0,82.0
377.0,82.0
378.0,82.0
174.0,83.0
175.0,83.0
176.0,83.0
179.0,83.0
180.0,83.0
181.0,83.0
372.0,83.0
373.0,83.0
374.0,83.0
376.0,83.0
377.0,83.0
378.0,83.0
174.0,84.0
175.0,84.0
176.0,84.0
179.0,84.0
180.0,84.0
181.0,84.0
372.0,84.0
373.0,84.0
374.0,84.0
376.0,84.0
377.0,84.0
378.0,84.0
174.0,86.0
175.0,86.0
176.0,86.0
179.0,86.0
180.0,86.0
181.0,86.0
376.0,86.0
377.0,86.0
378.0,86.0
381.0,86.0
382.0,86.0
383.0,86.0
174.0,87.0
175.0,87.0
176.0,87.0
179.0,87.0
180.0,87.0
181.0,87.0
376.0,87.0
377.0,87.0
378.0,87.0
381.0,87.0
382.0,87.0
383.0,87.0
174.0,88.0
175.0,88.0
176.0,88.0
179.0,88.0
180.0,88.0
181.0,88.0
376.0,88.0
377.0,88.0
378.0,88.0
381.0,88.0
382.0,88.0
383.0,88.0
174.0,91.0
175.0,91.0
176.0,91.0
376.0,91.0
377.0,91.0
378.0,91.0
381.0,91.0
382.0,91.0
383.0,91.0
174.0,92.0
175.0,92.0
176.0,92.0
376.0,92.0
377.0,92.0
378.0,92.0
381.0,92.0
382.0,92.0
383.0,92.0
174.0,93.0
175.0,93.0
176.0,93.0
376.0,93.0
377.0,93.0
378.0,93.0
381.0,93.0
382.0,93.0
383.0,93.0
174.0,95.0
175.0,95.0
176.0,95.0
376.0,95.0
377.0,95.0
378.0,95.0
381.0,95.0
382.0,95.0
383.0,95.0
174.0,96.0
175.0,96.0
176.0,96.0
376.0,96.0
377.0,96.0
378.0,96.0
381.0,96.0
382.0,96.0
383.0,96.0
174.0,97.0
175.0,97.0
176.0,97.0
376.0,97.0
377.0,97.0
378.0,97.0
381.0,97.0
382.0,97.0
383.0,97.0
174.0,99.0
175.0,99.0
176.0,99.0
376.0,99.0
377.0,99.0
378.0,99.0
381.0,99.0
382.0,99.0
383.0,99.0
174.0,100.0
175.0,100.0
176.0,100.0
376.0,100.0
377.0,100.0
378.0,100.0
381.0,100.0
382.0,100.0
383.0,100.0
174.0,101.0
175.0,101.0
176.0,101.0
376.0,101.0
377.0,101.0
378.0,101.0
381.0,101.0
382.0,101.0
383.0,101.0
174.0,104.0
175.0,104.0
176.0,104.0
376.0,104.0
377.0,104.0
378.0,104.0
381.0,104.0
382.0,104.0
383.0,104.0
174.0,105.0
175.0,105.0
176.0,105.0
376.0,105.0
377.0,105.0
378.0,105.0
381.0,105.0
382.0,105.0
383.0,105.0
174.0,106.0
175.0,106.0
176.0,106.0
376.0,106.0
377.0,106.0
378.0,106.0
381.0,106.0
382.0,106.0
383.0,106.0
174.0,108.0
175.0,108.0
176.0,108.0
376.0,108.0
377.0,108.0
378.0,108.0
381.0,108.0
382.0,108.0
383.0,108.0
174.0,109.0
175.0,109.0
176.0,109.0
376.0,109.0
377.0,109.0
378.0,109.0
381.0,109.0
382.0,109.0
383.0,109.0
174.0,110.0
175.0,110.0
176.0,110.0
376.0,110.0
377.0,110.0
378.0,110.0
381.0,110.0
382.0,110.0
383.0,110.0
170.0,112.0
171.0,112.0
172.0,112.0
174.0,112.0
175.0,112.0
176.0,112.0
376.0,112.0
377.0,112.0
378.0,112.0
381.0,112.0
382.0,112.0
383.0,112.0
170.0,113.0
171.0,113.0
172.0,113.0
174.0,113.0
175.0,113.0
176.0,113.0
376.0,113.0
377.0,113.0
378.0,113.0
381.0,113.0
382.0,113.0
383.0,113.0
170.0,114.0
171.0,114.0
172.0,114.0
174.0,114.0
175.0,114.0
176.0,114.0
376.0,114.0
377.0,114.0
378.0,114.0
381.0,114.0
382.0,114.0
383.0,114.0
170.0,117.0
171.0,117.0
172.0,117.0
174.0,117.0
175.0,117.0
176.0,117.0
376.0,117.0
377.0,117.0
378.0,117.0
381.0,117.0
382.0,117.0
383.0,117.0
170.0,118.0
171.0,118.0
172.0,118.0
174.0,118.0
175.0,118.0
176.0,118.0
376.0,118.0
377.0,118.0
378.0,118.0
381.0,118.0
382.0,118.0
383.0,118.0
170.0,119.0
171.0,119.0
172.0,119.0
174.0,119.0
175.0,119.0
176.0,119.0
376.0,119.0
377.0,119.0
378.0,119.0
381.0,119.0
382.0,119.0
383.0,119.0
170.0,121.0
171.0,121.0
172.0,121.0
174.0,121.0
175.0,121.0
176.0,121.0
376.0,121.0
377.0,121.0
378.0,121.0
381.0,121.0
382.0,121.0
383.0,121.0
170.0,122.0
171.0,122.0
172.0,122.0
174.0,122.0
175.0,122.0
176.0,122.0
376.0,122.0
377.0,122.0
378.0,122.0
381.0,122.0
382.0,122.0
383.0,122.0
170.0,123.0
171.0,123.0
172.0,123.0
174.0,123.0
175.0,123.0
176.0,123.0
376.0,123.0
377.0,123.0
378.0,123.0
381.0,123.0
382.0,123.0
383.0,123.0
174.0,126.0
175.0,126.0
176.0,126.0
372.0,126.0
373.0,126.0
374.0,126.0
376.0,126.0
377.0,126.0
378.0,126.0
381.0,126.0
382.0,126.0
383.0,126.0
174.0,127.0
175.0,127.0
176.0,127.0
372.0,127.0
373.0,127.0
374.0,127.0
376.0,127.0
377.0,127.0
378.0,127.0
381.0,127.0
382.0,127.0
383.0,127.0
174.0,128.0
175.0,128.0
176.0,128.0
372.0,128.0
373.0,128.0
374.0,128.0
376.0,128.0
377.0,128.0
378.0,128.0
381.0,128.0
382.0,128.0
383.0,128.0
174.0,130.0
175.0,130.0
176.0,130.0
179.0,130.0
180.0,130.0
181.0,130.0
372.0,130.0
373.0,130.0
374.0,130.0
376.0,130.0
377.0,130.0
378.0,130.0
174.0,131.0
175.0,131.0
176.0,131.0
179.0,131.0
180.0,131.0
181.0,131.0
372.0,131.0
373.0,131.0
374.0,131.0
376.0,131.0
377.0,131.0
378.0,131.0
174.0,132.0
175.0,132.0
176.0,132.0
179.0,132.0
180.0,132.0
181.0,132.0
372.0,132.0
373.0,132.0
374.0,132.0
376.0,132.0
377.0,132.0
378.0,132.0
179.0,134.0
180.0,134.0
181.0,134.0
184.0,134.0
185.0,134.0
186.0,134.0
188.0,134.0
189.0,134.0
190.0,134.0
193.0,134.0
194.0,134.0
195.0,134.0
198.0,134.0
199.0,134.0
200.0,134.0
202.0,134.0
203.0,134.0
204.0,134.0
357.0,134.0
358.0,134.0
359.0,134.0
362.0,134.0
363.0,134.0
364.0,134.0
367.0,134.0
368.0,134.0
369.0,134.0
372.0,134.0
373.0,134.0
374.0,134.0
376.0,134.0
377.0,134.0
378.0,134.0
179.0,135.0
180.0,135.0
181.0,135.0
184.0,135.0
185.0,135.0
186.0,135.0
188.0,135.0
189.0,135.0
190.0,135.0
193.0,135.0
194.0,135.0
195.0,135.0
198.0,135.0
199.0,135.0
200.0,135.0
202.0,135.0
203.0,135.0
204.0,135.0
357.0,135.0
358.0,135.0
359.0,135.0
362.0,135.0
363.0,135.0
364.0,135.0
367.0,135.0
368.0,135.0
369.0,135.0
372.0,135.0
373.0,135.0
374.0,135.0
376.0,135.0
377.0,135.0
378.0,135.0
179.0,136.0
180.0,136.0
181.0,136.0
184.0,136.0
185.0,136.0
186.0,136.0
188.0,136.0
189.0,136.0
190.0,136.0
193.0,136.0
194.0,136.0
195.0,136.0
198.0,136.0
199.0,136.0
200.0,136.0
202.0,136.0
203.0,136.0
204.0,136.0
357.0,136.0
358.0,136.0
359.0,136.0
362.0,136.0
363.0,136.0
364.0,136.0
367.0,136.0
368.0,136.0
369.0,136.0
372.0,136.0
373.0,136.0
374.0,136.0
376.0,136.0
377.0,136.0
378.0,136.0
188.0,139.0
189.0,139.0
190.0,139.0
193.0,139.0
194.0,139.0
195.0,139.0
198.0,139.0
199.0,139.0
200.0,139.0
202.0,139.0
203.0,139.0
204.0,139.0
207.0,139.0
208.0,139.0
209.0,139.0
212.0,139.0
213.0,139.0
214.0,139.0
217.0,139.0
218.0,139.0
219.0,139.0
339.0,139.0
340.0,139.0
341.0,139.0
343.0,139.0
344.0,139.0
345.0,139.0
348.0,139.0
349.0,139.0
350.0,139.0
353.0,139.0
354.0,139.0
355.0,139.0
357.0,139.0
358.0,139.0
359.0,139.0
362.0,139.0
363.0,139.0
364.0,139.0
367.0,139.0
368.0,139.0
369.0,139.0
188.0,140.0
189.0,140.0
190.0,140.0
193.0,140.0
194.0,140.0
195.0,140.0
198.0,140.0
199.0,140.0
200.0,140.0
202.0,140.0
203.0,140.0
204.0,140.0
207.0,140.0
208.0,140.0
209.0,140.0
212.0,140.0
213.0,140.0
214.0,140.0
217.0,140.0
218.0,140.0
219.0,140.0
339.0,140.0
340.0,140.0
341.0,140.0
343.0,140.0
344.0,140.0
345.0,140.0
348.0,140.0
349.0,140.0
350.0,140.0
353.0,140.0
354.0,140.0
355.0,140.0
357.0,140.0
358.0,140.0
359.0,140.0
362.0,140.0
363.0,140.0
364.0,140.0
367.0,140.0
368.0,140.0
369.0,140.0
188.0,141.0
189.0,141.0
190.0,141.0
193.0,141.0
194.0,141.0
195.0,141.0
198.0,141.0
199.0,141.0
200.0,141.0
202.0,141.0
203.0,141.0
204.0,141.0
207.0,141.0
208.0,141.0
209.0,141.0
212.0,141.0
213.0,141.0
214.0,141.0
217.0,141.0
218.0,141.0
219.0,141.0
339.0,141.0
340.0,141.0
341.0,141.0
343.0,141.0
344.0,141.0
345.0,141.0
348.0,141.0
349.0,141.0
350.0,141.0
353.0,141.0
354.0,141.0
355.0,141.0
357.0,141.0
358.0,141.0
359.0,141.0
362.0,141.0
363.0,141.0
364.0,141.0
367.0,141.0
368.0,141.0
369.0,141.0
207.0,143.0
208.0,143.0
209.0,143.0
212.0,143.0
213.0,143.0
214.0,143.0
217.0,143.0
218.0,143.0
219.0,143.0
221.0,143.0
222.0,143.0
223.0,143.0
226.0,143.0
227.0,143.0
228.0,143.0
329.0,143.0
330.0,143.0
331.0,143.0
334.0,143.0
335.0,143.0
336.0,143.0
339.0,143.0
340.0,143.0
341.0,143.0
343.0,143.0
344.0,143.0
345.0,143.0
207.0,144.0
208.0,144.0
209.0,144.0
212.0,144.0
213.0,144.0
214.0,144.0
217.0,144.0
218.0,144.0
219.0,144.0
221.0,144.0
222.0,144.0
223.0,144.0
226.0,144.0
227.0,144.0
228.0,144.0
329.0,144.0
330.0,144.0
331.0,144.0
334.0,144.0
335.0,144.0
336.0,144.0
339.0,144.0
340.0,144.0
341.0,144.0
343.0,144.0
344.0,144.0
345.0,144.0
207.0,145.0
208.0,145.0
209.0,145.0
212.0,145.0
213.0,145.0
214.0,145.0
217.0,145.0
218.0,145.0
219.0,145.0
221.0,145.0
222.0,145.0
223.0,145.0
226.0,145.0
227.0,145.0
228.0,145.0
329.0,145.0
330.0,145.0
331.0,145.0
334.0,145.0
335.0,145.0
336.0,145.0
339.0,145.0
340.0,145.0
341.0,145.0
343.0,145.0
344.0,145.0
345.0,145.0
221.0,147.0
222.0,147.0
223.0,147.0
226.0,147.0
227.0,147.0
228.0,147.0
231.0,147.0
232.0,147.0
233.0,147.0
325.0,147.0
326.0,147.0
327.0,147.0
329.0,147.0
330.0,147.0
331.0,147.0
334.0,147.0
335.0,147.0
336.0,147.0
221.0,148.0
222.0,148.0
223.0,148.0
226.0,148.0
227.0,148.0
228.0,148.0
231.0,148.0
232.0,148.0
233.0,148.0
325.0,148.0
326.0,148.0
327.0,148.0
329.0,148.0
330.0,148.0
331.0,148.0
334.0,148.0
335.0,148.0
336.0,148.0
221.0,149.0
222.0,149.0
223.0,149.0
226.0,149.0
227.0,149.0
228.0,149.0
231.0,149.0
232.0,149.0
233.0,149.0
325.0,149.0
326.0,149.0
327.0,149.0
329.0,149.0
330.0,149.0
331.0,149.0
334.0,149.0
335.0,149.0
336.0,149.0
226.0,152.0
227.0,152.0
228.0,152.0
231.0,152.0
232.0,152.0
233.0,152.0
235.0,152.0
236.0,152.0
237.0,152.0
320.0,152.0
321.0,152.0
322.0,152.0
325.0,152.0
326.0,152.0
327.0,152.0
226.0,153.0
227.0,153.0
228.0,153.0
231.0,153.0
232.0,153.0
233.0,153.0
235.0,153.0
236.0,153.0
237.0,153.0
320.0,153.0
321.0,153.0
322.0,153.0
325.0,153.0
326.0,153.0
327.0,153.0
226.0,154.0
227.0,154.0
228.0,154.0
231.0,154.0
232.0,154.0
233.0,154.0
235.0,154.0
236.0,154.0
237.0,154.0
320.0,154.0
321.0,154.0
322.0,154.0
325.0,154.0
326.0,154.0
327.0,154.0
231.0,156.0
232.0,156.0
233.0,156.0
235.0,156.0
236.0,156.0
237.0,156.0
315.0,156.0
316.0,156.0
317.0,156.0
320.0,156.0
321.0,156.0
322.0,156.0
231.0,157.0
232.0,157.0
233.0,157.0
235.0,157.0
236.0,157.0
237.0,157.0
315.0,157.0
316.0,157.0
317.0,157.0
320.0,157.0
321.0,157.0
322.0,157.0
231.0,158.0
232.0,158.0
233.0,158.0
235.0,158.0
236.0,158.0
237.0,158.0
315.0,158.0
316.0,158.0
317.0,158.0
320.0,158.0
321.0,158.0
322.0,158.0
235.0,161.0
236.0,161.0
237.0,161.0
240.0,161.0
241.0,161.0
242.0,161.0
310.0,161.0
311.0,161.0
312.0,161.0
315.0,161.0
316.0,161.0
317.0,161.0
235.0,162.0
236.0,162.0
237.0,162.0
240.0,162.0
241.0,162.0
242.0,162.0
310.0,162.0
311.0,162.0
312.0,162.0
315.0,162.0
316.0,162.0
317.0,162.0
235.0,163.0
236.0,163.0
237.0,163.0
240.0,163.0
241.0,163.0
242.0,163.0
310.0,163.0
311.0,163.0
312.0,163.0
315.0,163.0
316.0,163.0
317.0,163.0
240.0,165.0
241.0,165.0
242.0,165.0
245.0,165.0
246.0,165.0
247.0,165.0
310.0,165.0
311.0,165.0
312.0,165.0
315.0,165.0
316.0,165.0
317.0,165.0
325.0,165.0
326.0,165.0
327.0,165.0
240.0,166.0
241.0,166.0
242.0,166.0
245.0,166.0
246.0,166.0
247.0,166.0
310.0,166.0
311.0,166.0
312.0,166.0
315.0,166.0
316.0,166.0
317.0,166.0
325.0,166.0
326.0,166.0
327.0,166.0
240.0,167.0
241.0,167.0
242.0,167.0
245.0,167.0
246.0,167.0
247.0,167.0
310.0,167.0
311.0,167.0
312.0,167.0
315.0,167.0
316.0,167.0
317.0,167.0
325.0,167.0
326.0,167.0
327.0,167.0
240.0,169.0
241.0,169.0
242.0,169.0
245.0,169.0
246.0,169.0
247.0,169.0
306.0,169.0
307.0,169.0
308.0,169.0
310.0,169.0
311.0,169.0
312.0,169.0
240.0,170.0
241.0,170.0
242.0,170.0
245.0,170.0
246.0,170.0
247.0,170.0
306.0,170.0
307.0,170.0
308.0,170.0
310.0,170.0
311.0,170.0
312.0,170.0
240.0,171.0
241.0,171.0
242.0,171.0
245.0,171.0
246.0,171.0
247.0,171.0
306.0,171.0
307.0,171.0
308.0,171.0
310.0,171.0
311.0,171.0
312.0,171.0
245.0,174.0
246.0,174.0
247.0,174.0
306.0,174.0
307.0,174.0
308.0,174.0
310.0,174.0
311.0,174.0
312.0,174.0
245.0,175.0
246.0,175.0
247.0,175.0
306.0,175.0
307.0,175.0
308.0,175.0
310.0,175.0
311.0,175.0
312.0,175.0
245.0,176.0
246.0,176.0
247.0,176.0
306.0,176.0
307.0,176.0
308.0,176.0
310.0,176.0
311.0,176.0
312.0,176.0
245.0,178.0
246.0,178.0
247.0,178.0
249.0,178.0
250.0,178.0
251.0,178.0
306.0,178.0
307.0,178.0
308.0,178.0
245.0,179.0
246.0,179.0
247.0,179.0
249.0,179.0
250.0,179.0
251.0,179.0
306.0,179.0
307.0,179.0
308.0,179.0
245.0,180.0
246.0,180.0
247.0,180.0
249.0,180.0
250.0,180.0
251.0,180.0
306.0,180.0
307.0,180.0
308.0,180.0
245.0,182.0
246.0,182.0
247.0,182.0
249.0,182.0
250.0,182.0
251.0,182.0
301.0,182.0
302.0,182.0
303.0,182.0
306.0,182.0
307.0,182.0
308.0,182.0
245.0,183.0
246.0,183.0
247.0,183.0
249.0,183.0
250.0,183.0
251.0,183.0
301.0,183.0
302.0,183.0
303.0,183.0
306.0,183.0
307.0,183.0
308.0,183.0
245.0,184.0
246.0,184.0
247.0,184.0
249.0,184.0
250.0,184.0
251.0,184.0
301.0,184.0
302.0,184.0
303.0,184.0
306.0,184.0
307.0,184.0
308.0,184.0
245.0,187.0
246.0,187.0
247.0,187.0
249.0,187.0
250.0,187.0
251.0,187.0
301.0,187.0
302.0,187.0
303.0,187.0
306.0,187.0
307.0,187.0
308.0,187.0
245.0,188.0
246.0,188.0
247.0,188.0
249.0,188.0
250.0,188.0
251.0,188.0
301.0,188.0
302.0,188.0
303.0,188.0
306.0,188.0
307.0,188.0
308.0,188.0
245.0,189.0
246.0,189.0
247.0,189.0
249.0,189.0
250.0,189.0
251.0,189.0
301.0,189.0
302.0,189.0
303.0,189.0
306.0,189.0
307.0,189.0
308.0,189.0
249.0,191.0
250.0,191.0
251.0,191.0
301.0,191.0
302.0,191.0
303.0,191.0
306.0,191.0
307.0,191.0
308.0,191.0
249.0,192.0
250.0,192.0
251.0,192.0
301.0,192.0
302.0,192.0
303.0,192.0
306.0,192.0
307.0,192.0
308.0,192.0
249.0,193.0
250.0,193.0
251.0,193.0
301.0,193.0
302.0,193.0
303.0,193.0
306.0,193.0
307.0,193.0
308.0,193.0
249.0,196.0
250.0,196.0
251.0,196.0
301.0,196.0
302.0,196.0
303.0,196.0
306.0,196.0
307.0,196.0
308.0,196.0
249.0,197.0
250.0,197.0
251.0,197.0
301.0,197.0
302.0,197.0
303.0,197.0
306.0,197.0
307.0,197.0
308.0,197.0
249.0,198.0
250.0,198.0
251.0,198.0
301.0,198.0
302.0,198.0
303.0,198.0
306.0,198.0
307.0,198.0
308.0,198.0
249.0,200.0
250.0,200.0
251.0,200.0
301.0,200.0
302.0,200.0
303.0,200.0
306.0,200.0
307.0,200.0
308.0,200.0
249.0,201.0
250.0,201.0
251.0,201.0
301.0,201.0
302.0,201.0
303.0,201.0
306.0,201.0
307.0,201.0
308.0,201.0
249.0,202.0
250.0,202.0
251.0,202.0
301.0,202.0
302.0,202.0
303.0,202.0
306.0,202.0
307.0,202.0
308.0,202.0
249.0,204.0
250.0,204.0
251.0,204.0
254.0,204.0
255.0,204.0
256.0,204.0
301.0,204.0
302.0,204.0
303.0,204.0
306.0,204.0
307.0,204.0
308.0,204.0
249.0,205.0
250.0,205.0
251.0,205.0
254.0,205.0
255.0,205.0
256.0,205.0
301.0,205.0
302.0,205.0
303.0,205.0
306.0,205.0
307.0,205.0
308.0,205.0
249.0,206.0
250.0,206.0
251.0,206.0
254.0,206.0
255.0,206.0
256.0,206.0
301.0,206.0
302.0,206.0
303.0,206.0
306.0,206.0
307.0,206.0
308.0,206.0
249.0,209.0
250.0,209.0
251.0,209.0
254.0,209.0
255.0,209.0
256.0,209.0
301.0,209.0
302.0,209.0
303.0,209.0
249.0,210.0
250.0,210.0
251.0,210.0
254.0,210.0
255.0,210.0
256.0,210.0
301.0,210.0
302.0,210.0
303.0,210.0
249.0,211.0
250.0,211.0
251.0,211.0
254.0,211.0
255.0,211.0
256.0,211.0
301.0,211.0
302.0,211.0
303.0,211.0
249.0,213.0
250.0,213.0
251.0,213.0
254.0,213.0
255.0,213.0
256.0,213.0
301.0,213.0
302.0,213.0
303.0,213.0
249.0,214.0
250.0,214.0
251.0,214.0
254.0,214.0
255.0,214.0
256.0,214.0
301.0,214.0
302.0,214.0
303.0,214.0
249.0,215.0
250.0,215.0
251.0,215.0
254.0,215.0
255.0,215.0
256.0,215.0
301.0,215.0
302.0,215.0
303.0,215.0
245.0,217.0
246.0,217.0
247.0,217.0
249.0,217.0
250.0,217.0
251.0,217.0
254.0,217.0
255.0,217.0
256.0,217.0
296.0,217.0
297.0,217.0
298.0,217.0
301.0,217.0
302.0,217.0
303.0,217.0
245.0,218.0
246.0,218.0
247.0,218.0
249.0,218.0
250.0,218.0
251.0,218.0
254.0,218.0
255.0,218.0
256.0,218.0
296.0,218.0
297.0,218.0
298.0,218.0
301.0,218.0
302.0,218.0
303.0,218.0
245.0,219.0
246.0,219.0
247.0,219.0
249.0,219.0
250.0,219.0
251.0,219.0
254.0,219.0
255.0,219.0
256.0,219.0
296.0,219.0
297.0,219.0
298.0,219.0
301.0,219.0
302.0,219.0
303.0,219.0
249.0,222.0
250.0,222.0
251.0,222.0
254.0,222.0
255.0,222.0
256.0,222.0
301.0,222.0
302.0,222.0
303.0,222.0
249.0,223.0
250.0,223.0
251.0,223.0
254.0,223.0
255.0,223.0
256.0,223.0
301.0,223.0
302.0,223.0
303.0,223.0
249.0,224.0
250.0,224.0
251.0,224.0
254.0,224.0
255.0,224.0
256.0,224.0
301.0,224.0
302.0,224.0
303.0,224.0
249.0,226.0
250.0,226.0
251.0,226.0
254.0,226.0
255.0,226.0
256.0,226.0
301.0,226.0
302.0,226.0
303.0,226.0
249.0,227.0
250.0,227.0
251.0,227.0
254.0,227.0
255.0,227.0
256.0,227.0
301.0,227.0
302.0,227.0
303.0,227.0
249.0,228.0
250.0,228.0
251.0,228.0
254.0,228.0
255.0,228.0
256.0,228.0
301.0,228.0
302.0,228.0
303.0,228.0
249.0,231.0
250.0,231.0
251.0,231.0
254.0,231.0
255.0,231.0
256.0,231.0
301.0,231.0
302.0,231.0
303.0,231.0
249.0,232.0
250.0,232.0
251.0,232.0
254.0,232.0
255.0,232.0
256.0,232.0
301.0,232.0
302.0,232.0
303.0,232.0
249.0,233.0
250.0,233.0
251.0,233.0
254.0,233.0
255.0,233.0
256.0,233.0
301.0,233.0
302.0,233.0
303.0,233.0
249.0,235.0
250.0,235.0
251.0,235.0
254.0,235.0
255.0,235.0
256.0,235.0
296.0,235.0
297.0,235.0
298.0,235.0
301.0,235.0
302.0,235.0
303.0,235.0
306.0,235.0
307.0,235.0
308.0,235.0
249.0,236.0
250.0,236.0
251.0,236.0
254.0,236.0
255.0,236.0
256.0,236.0
296.0,236.0
297.0,236.0
298.0,236.0
301.0,236.0
302.0,236.0
303.0,236.0
306.0,236.0
307.0,236.0
308.0,236.0
249.0,237.0
250.0,237.0
251.0,237.0
254.0,237.0
255.0,237.0
256.0,237.0
296.0,237.0
297.0,237.0
298.0,237.0
301.0,237.0
302.0,237.0
303.0,237.0
306.0,237.0
307.0,237.0
308.0,237.0
249.0,239.0
250.0,239.0
251.0,239.0
254.0,239.0
255.0,239.0
256.0,239.0
296.0,239.0
297.0,239.0
298.0,239.0
301.0,239.0
302.0,239.0
303.0,239.0
249.0,240.0
250.0,240.0
251.0,240.0
254.0,240.0
255.0,240.0
256.0,240.0
296.0,240.0
297.0,240.0
298.0,240.0
301.0,240.0
302.0,240.0
303.0,240.0
249.0,241.0
250.0,241.0
251.0,241.0
254.0,241.0
255.0,241.0
256.0,241.0
296.0,241.0
297.0,241.0
298.0,241.0
301.0,241.0
302.0,241.0
303.0,241.0
249.0,244.0
250.0,244.0
251.0,244.0
254.0,244.0
255.0,244.0
256.0,244.0
296.0,244.0
297.0,244.0
298.0,244.0
301.0,244.0
302.0,244.0
303.0,244.0
249.0,245.0
250.0,245.0
251.0,245.0
254.0,245.0
255.0,245.0
256.0,245.0
296.0,245.0
297.0,245.0
298.0,245.0
301.0,245.0
302.0,245.0
303.0,245.0
249.0,246.0
250.0,246.0
251.0,246.0
254.0,246.0
255.0,246.0
256.0,246.0
296.0,246.0
297.0,246.0
298.0,246.0
301.0,246.0
302.0,246.0
303.0,246.0
249.0,248.0
250.0,248.0
251.0,248.0
254.0,248.0
255.0,248.0
256.0,248.0
296.0,248.0
297.0,248.0
298.0,248.0
301.0,248.0
302.0,248.0
303.0,248.0
249.0,249.0
250.0,249.0
251.0,249.0
254.0,249.0
255.0,249.0
256.0,249.0
296.0,249.0
297.0,249.0
298.0,249.0
301.0,249.0
302.0,249.0
303.0,249.0
249.0,250.0
250.0,250.0
251.0,250.0
254.0,250.0
255.0,250.0
256.0,250.0
296.0,250.0
297.0,250.0
298.0,250.0
301.0,250.0
302.0,250.0
303.0,250.0
249.0,252.0
250.0,252.0
251.0,252.0
254.0,252.0
255.0,252.0
256.0,252.0
296.0,252.0
297.0,252.0
298.0,252.0
301.0,252.0
302.0,252.0
303.0,252.0
249.0,253.0
250.0,253.0
251.0,253.0
254.0,253.0
255.0,253.0
256.0,253.0
296.0,253.0
297.0,253.0
298.0,253.0
301.0,253.0
302.0,253.0
303.0,253.0
249.0,254.0
250.0,254.0
251.0,254.0
254.0,254.0
255.0,254.0
256.0,254.0
296.0,254.0
297.0,254.0
298.0,254.0
301.0,254.0
302.0,254.0
303.0,254.0
249.0,257.0
250.0,257.0
251.0,257.0
254.0,257.0
255.0,257.0
256.0,257.0
301.0,257.0
302.0,257.0
303.0,257.0
306.0,257.0
307.0,257.0
308.0,257.0
249.0,258.0
250.0,258.0
251.0,258.0
254.0,258.0
255.0,258.0
256.0,258.0
301.0,258.0
302.0,258.0
303.0,258.0
306.0,258.0
307.0,258.0
308.0,258.0
249.0,259.0
250.0,259.0
251.0,259.0
254.0,259.0
255.0,259.0
256.0,259.0
301.0,259.0
302.0,259.0
303.0,259.0
306.0,259.0
307.0,259.0
308.0,259.0
249.0,261.0
250.0,261.0
251.0,261.0
254.0,261.0
255.0,261.0
256.0,261.0
301.0,261.0
302.0,261.0
303.0,261.0
249.0,262.0
250.0,262.0
251.0,262.0
254.0,262.0
255.0,262.0
256.0,262.0
301.0,262.0
302.0,262.0
303.0,262.0
249.0,263.0
250.0,263.0
251.0,263.0
254.0,263.0
255.0,263.0
256.0,263.0
301.0,263.0
302.0,263.0
303.0,263.0
249.0,266.0
250.0,266.0
251.0,266.0
254.0,266.0
255.0,266.0
256.0,266.0
301.0,266.0
302.0,266.0
303.0,266.0
249.0,267.0
250.0,267.0
251.0,267.0
254.0,267.0
255.0,267.0
256.0,267.0
301.0,267.0
302.0,267.0
303.0,267.0
249.0,268.0
250.0,268.0
251.0,268.0
254.0,268.0
255.0,268.0
256.0,268.0
301.0,268.0
302.0,268.0
303.0,268.0
249.0,270.0
250.0,270.0
251.0,270.0
254.0,270.0
255.0,270.0
256.0,270.0
301.0,270.0
302.0,270.0
303.0,270.0
306.0,270.0
307.0,270.0
308.0,270.0
249.0,271.0
250.0,271.0
251.0,271.0
254.0,271.0
255.0,271.0
256.0,271.0
301.0,271.0
302.0,271.0
303.0,271.0
306.0,271.0
307.0,271.0
308.0,271.0
249.0,272.0
250.0,272.0
251.0,272.0
254.0,272.0
255.0,272.0
256.0,272.0
301.0,272.0
302.0,272.0
303.0,272.0
306.0,272.0
307.0,272.0
308.0,272.0
249.0,274.0
250.0,274.0
251.0,274.0
254.0,274.0
255.0,274.0
256.0,274.0
301.0,274.0
302.0,274.0
303.0,274.0
249.0,275.0
250.0,275.0
251.0,275.0
254.0,275.0
255.0,275.0
256.0,275.0
301.0,275.0
302.0,275.0
303.0,275.0
249.0,276.0
250.0,276.0
251.0,276.0
254.0,276.0
255.0,276.0
256.0,276.0
301.0,276.0
302.0,276.0
303.0,276.0
249.0,279.0
250.0,279.0
251.0,279.0
254.0,279.0
255.0,279.0
256.0,279.0
301.0,279.0
302.0,279.0
303.0,279.0
249.0,280.0
250.0,280.0
251.0,280.0
254.0,280.0
255.0,280.0
256.0,280.0
301.0,280.0
302.0,280.0
303.0,280.0
249.0,281.0
250.0,281.0
251.0,281.0
254.0,281.0
255.0,281.0
256.0,281.0
301.0,281.0
302.0,281.0
303.0,281.0
249.0,283.0
250.0,283.0
251.0,283.0
254.0,283.0
255.0,283.0
256.0,283.0
301.0,283.0
302.0,283.0
303.0,283.0
249.0,284.0
250.0,284.0
251.0,284.0
254.0,284.0
255.0,284.0
256.0,284.0
301.0,284.0
302.0,284.0
303.0,284.0
249.0,285.0
250.0,285.0
251.0,285.0
254.0,285.0
255.0,285.0
256.0,285.0
301.0,285.0
302.0,285.0
303.0,285.0
249.0,287.0
250.0,287.0
251.0,287.0
254.0,287.0
255.0,287.0
256.0,287.0
301.0,287.0
302.0,287.0
303.0,287.0
249.0,288.0
250.0,288.0
251.0,288.0
254.0,288.0
255.0,288.0
256.0,288.0
301.0,288.0
302.0,288.0
303.0,288.0
249.0,289.0
250.0,289.0
251.0,289.0
254.0,289.0
255.0,289.0
256.0,289.0
301.0,289.0
302.0,289.0
303.0,289.0
249.0,292.0
250.0,292.0
251.0,292.0
254.0,292.0
255.0,292.0
256.0,292.0
301.0,292.0
302.0,292.0
303.0,292.0
306.0,292.0
307.0,292.0
308.0,292.0
310.0,292.0
311.0,292.0
312.0,292.0
249.0,293.0
250.0,293.0
251.0,293.0
254.0,293.0
255.0,293.0
256.0,293.0
301.0,293.0
302.0,293.0
303.0,293.0
306.0,293.0
307.0,293.0
308.0,293.0
310.0,293.0
311.0,293.0
312.0,293.0
249.0,294.0
250.0,294.0
251.0,294.0
254.0,294.0
255.0,294.0
256.0,294.0
301.0,294.0
302.0,294.0
303.0,294.0
306.0,294.0
307.0,294.0
308.0,294.0
310.0,294.0
311.0,294.0
312.0,294.0
249.0,296.0
250.0,296.0
251.0,296.0
254.0,296.0
255.0,296.0
256.0,296.0
301.0,296.0
302.0,296.0
303.0,296.0
306.0,296.0
307.0,296.0
308.0,296.0
310.0,296.0
311.0,296.0
312.0,296.0
249.0,297.0
250.0,297.0
251.0,297.0
254.0,297.0
255.0,297.0
256.0,297.0
301.0,297.0
302.0,297.0
303.0,297.0
306.0,297.0
307.0,297.0
308.0,297.0
310.0,297.0
311.0,297.0
312.0,297.0
249.0,298.0
250.0,298.0
251.0,298.0
254.0,298.0
255.0,298.0
256.0,298.0
301.0,298.0
302.0,298.0
303.0,298.0
306.0,298.0
307.0,298.0
308.0,298.0
310.0,298.0
311.0,298.0
312.0,298.0
249.0,301.0
250.0,301.0
251.0,301.0
301.0,301.0
302.0,301.0
303.0,301.0
306.0,301.0
307.0,301.0
308.0,301.0
249.0,302.0
250.0,302.0
251.0,302.0
301.0,302.0
302.0,302.0
303.0,302.0
306.0,302.0
307.0,302.0
308.0,302.0
249.0,303.0
250.0,303.0
251.0,303.0
301.0,303.0
302.0,303.0
303.0,303.0
306.0,303.0
307.0,303.0
308.0,303.0
249.0,305.0
250.0,305.0
251.0,305.0
301.0,305.0
302.0,305.0
303.0,305.0
306.0,305.0
307.0,305.0
308.0,305.0
249.0,306.0
250.0,306.0
251.0,306.0
301.0,306.0
302.0,306.0
303.0,306.0
306.0,306.0
307.0,306.0
308.0,306.0
249.0,307.0
250.0,307.0
251.0,307.0
301.0,307.0
302.0,307.0
303.0,307.0
306.0,307.0
307.0,307.0
308.0,307.0
249.0,309.0
250.0,309.0
251.0,309.0
301.0,309.0
302.0,309.0
303.0,309.0
306.0,309.0
307.0,309.0
308.0,309.0
249.0,310.0
250.0,310.0
251.0,310.0
301.0,310.0
302.0,310.0
303.0,310.0
306.0,310.0
307.0,310.0
308.0,310.0
249.0,311.0
250.0,311.0
251.0,311.0
301.0,311.0
302.0,311.0
303.0,311.0
306.0,311.0
307.0,311.0
308.0,311.0
249.0,314.0
250.0,314.0
251.0,314.0
301.0,314.0
302.0,314.0
303.0,314.0
306.0,314.0
307.0,314.0
308.0,314.0
249.0,315.0
250.0,315.0
251.0,315.0
301.0,315.0
302.0,315.0
303.0,315.0
306.0,315.0
307.0,315.0
308.0,315.0
249.0,316.0
250.0,316.0
251.0,316.0
301.0,316.0
302.0,316.0
303.0,316.0
306.0,316.0
307.0,316.0
308.0,316.0
249.0,318.0
250.0,318.0
251.0,318.0
301.0,318.0
302.0,318.0
303.0,318.0
306.0,318.0
307.0,318.0
308.0,318.0
249.0,319.0
250.0,319.0
251.0,319.0
301.0,319.0
302.0,319.0
303.0,319.0
306.0,319.0
307.0,319.0
308.0,319.0
249.0,320.0
250.0,320.0
251.0,320.0
301.0,320.0
302.0,320.0
303.0,320.0
306.0,320.0
307.0,320.0
308.0,320.0
245.0,322.0
246.0,322.0
247.0,322.0
249.0,322.0
250.0,322.0
251.0,322.0
301.0,322.0
302.0,322.0
303.0,322.0
306.0,322.0
307.0,322.0
308.0,322.0
245.0,323.0
246.0,323.0
247.0,323.0
249.0,323.0
250.0,323.0
251.0,323.0
301.0,323.0
302.0,323.0
303.0,323.0
306.0,323.0
307.0,323.0
308.0,323.0
245.0,324.0
246.0,324.0
247.0,324.0
249.0,324.0
250.0,324.0
251.0,324.0
301.0,324.0
302.0,324.0
303.0,324.0
306.0,324.0
307.0,324.0
308.0,324.0
245.0,327.0
246.0,327.0
247.0,327.0
249.0,327.0
250.0,327.0
251.0,327.0
301.0,327.0
302.0,327.0
303.0,327.0
306.0,327.0
307.0,327.0
308.0,327.0
245.0,328.0
246.0,328.0
247.0,328.0
249.0,328.0
250.0,328.0
251.0,328.0
301.0,328.0
302.0,328.0
303.0,328.0
306.0,328.0
307.0,328.0
308.0,328.0
245.0,329.0
246.0,329.0
247.0,329.0
249.0,329.0
250.0,329.0
251.0,329.0
301.0,329.0
302.0,329.0
303.0,329.0
306.0,329.0
307.0,329.0
308.0,329.0
245.0,331.0
246.0,331.0
247.0,331.0
249.0,331.0
250.0,331.0
251.0,331.0
301.0,331.0
302.0,331.0
303.0,331.0
306.0,331.0
307.0,331.0
308.0,331.0
245.0,332.0
246.0,332.0
247.0,332.0
249.0,332.0
250.0,332.0
251.0,332.0
301.0,332.0
302.0,332.0
303.0,332.0
306.0,332.0
307.0,332.0
308.0,332.0
245.0,333.0
246.0,333.0
247.0,333.0
249.0,333.0
250.0,333.0
251.0,333.0
301.0,333.0
302.0,333.0
303.0,333.0
306.0,333.0
307.0,333.0
308.0,333.0
245.0,336.0
246.0,336.0
247.0,336.0
249.0,336.0
250.0,336.0
251.0,336.0
301.0,336.0
302.0,336.0
303.0,336.0
306.0,336.0
307.0,336.0
308.0,336.0
245.0,337.0
246.0,337.0
247.0,337.0
249.0,337.0
250.0,337.0
251.0,337.0
301.0,337.0
302.0,337.0
303.0,337.0
306.0,337.0
307.0,337.0
308.0,337.0
245.0,338.0
246.0,338.0
247.0,338.0
249.0,338.0
250.0,338.0
251.0,338.0
301.0,338.0
302.0,338.0
303.0,338.0
306.0,338.0
307.0,338.0
308.0,338.0
245.0,340.0
246.0,340.0
247.0,340.0
249.0,340.0
250.0,340.0
251.0,340.0
306.0,340.0
307.0,340.0
308.0,340.0
245.0,341.0
246.0,341.0
247.0,341.0
249.0,341.0
250.0,341.0
251.0,341.0
306.0,341.0
307.0,341.0
308.0,341.0
245.0,342.0
246.0,342.0
247.0,342.0
249.0,342.0
250.0,342.0
251.0,342.0
306.0,342.0
307.0,342.0
308.0,342.0
245.0,344.0
246.0,344.0
247.0,344.0
249.0,344.0
250.0,344.0
251.0,344.0
306.0,344.0
307.0,344.0
308.0,344.0
245.0,345.0
246.0,345.0
247.0,345.0
249.0,345.0
250.0,345.0
251.0,345.0
306.0,345.0
307.0,345.0
308.0,345.0
245.0,346.0
246.0,346.0
247.0,346.0
249.0,346.0
250.0,346.0
251.0,346.0
306.0,346.0
307.0,346.0
308.0,346.0
245.0,349.0
246.0,349.0
247.0,349.0
249.0,349.0
250.0,349.0
251.0,349.0
306.0,349.0
307.0,349.0
308.0,349.0
245.0,350.0
246.0,350.0
247.0,350.0
249.0,350.0
250.0,350.0
251.0,350.0
306.0,350.0
307.0,350.0
308.0,350.0
245.0,351.0
246.0,351.0
247.0,351.0
249.0,351.0
250.0,351.0
251.0,351.0
306.0,351.0
307.0,351.0
308.0,351.0
245.0,353.0
246.0,353.0
247.0,353.0
249.0,353.0
250.0,353.0
251.0,353.0
306.0,353.0
307.0,353.0
308.0,353.0
310.0,353.0
311.0,353.0
312.0,353.0
245.0,354.0
246.0,354.0
247.0,354.0
249.0,354.0
250.0,354.0
251.0,354.0
306.0,354.0
307.0,354.0
308.0,354.0
310.0,354.0
311.0,354.0
312.0,354.0
245.0,355.0
246.0,355.0
247.0,355.0
249.0,355.0
250.0,355.0
251.0,355.0
306.0,355.0
307.0,355.0
308.0,355.0
310.0,355.0
311.0,355.0
312.0,355.0
245.0,357.0
246.0,357.0
247.0,357.0
306.0,357.0
307.0,357.0
308.0,357.0
310.0,357.0
311.0,357.0
312.0,357.0
245.0,358.0
246.0,358.0
247.0,358.0
306.0,358.0
307.0,358.0
308.0,358.0
310.0,358.0
311.0,358.0
312.0,358.0
245.0,359.0
246.0,359.0
247.0,359.0
306.0,359.0
307.0,359.0
308.0,359.0
310.0,359.0
311.0,359.0
312.0,359.0
240.0,362.0
241.0,362.0
242.0,362.0
245.0,362.0
246.0,362.0
247.0,362.0
306.0,362.0
307.0,362.0
308.0,362.0
310.0,362.0
311.0,362.0
312.0,362.0
240.0,363.0
241.0,363.0
242.0,363.0
245.0,363.0
246.0,363.0
247.0,363.0
306.0,363.0
307.0,363.0
308.0,363.0
310.0,363.0
311.0,363.0
312.0,363.0
240.0,364.0
241.0,364.0
242.0,364.0
245.0,364.0
246.0,364.0
247.0,364.0
306.0,364.0
307.0,364.0
308.0,364.0
310.0,364.0
311.0,364.0
312.0,364.0
240.0,366.0
241.0,366.0
242.0,366.0
245.0,366.0
246.0,366.0
247.0,366.0
306.0,366.0
307.0,366.0
308.0,366.0
310.0,366.0
311.0,366.0
312.0,366.0
240.0,367.0
241.0,367.0
242.0,367.0
245.0,367.0
246.0,367.0
247.0,367.0
306.0,367.0
307.0,367.0
308.0,367.0
310.0,367.0
311.0,367.0
312.0,367.0
240.0,368.0
241.0,368.0
242.0,368.0
245.0,368.0
246.0,368.0
247.0,368.0
306.0,368.0
307.0,368.0
308.0,368.0
310.0,368.0
311.0,368.0
312.0,368.0
240.0,371.0
241.0,371.0
242.0,371.0
245.0,371.0
246.0,371.0
247.0,371.0
310.0,371.0
311.0,371.0
312.0,371.0
315.0,371.0
316.0,371.0
317.0,371.0
240.0,372.0
241.0,372.0
242.0,372.0
245.0,372.0
246.0,372.0
247.0,372.0
310.0,372.0
311.0,372.0
312.0,372.0
315.0,372.0
316.0,372.0
317.0,372.0
240.0,373.0
241.0,373.0
242.0,373.0
245.0,373.0
246.0,373.0
247.0,373.0
310.0,373.0
311.0,373.0
312.0,373.0
315.0,373.0
316.0,373.0
317.0,373.0
235.0,375.0
236.0,375.0
237.0,375.0
240.0,375.0
241.0,375.0
242.0,375.0
310.0,375.0
311.0,375.0
312.0,375.0
315.0,375.0
316.0,375.0
317.0,375.0
235.0,376.0
236.0,376.0
237.0,376.0
240.0,376.0
241.0,376.0
242.0,376.0
310.0,376.0
311.0,376.0
312.0,376.0
315.0,376.0
316.0,376.0
317.0,376.0
235.0,377.0
236.0,377.0
237.0,377.0
240.0,377.0
241.0,377.0
242.0,377.0
310.0,377.0
311.0,377.0
312.0,377.0
315.0,377.0
316.0,377.0
317.0,377.0
235.0,379.0
236.0,379.0
237.0,379.0
240.0,379.0
241.0,379.0
242.0,379.0
315.0,379.0
316.0,379.0
317.0,379.0
320.0,379.0
321.0,379.0
322.0,379.0
235.0,380.0
236.0,380.0
237.0,380.0
240.0,380.0
241.0,380.0
242.0,380.0
315.0,380.0
316.0,380.0
317.0,380.0
320.0,380.0
321.0,380.0
322.0,380.0
235.0,381.0
236.0,381.0
237.0,381.0
240.0,381.0
241.0,381.0
242.0,381.0
315.0,381.0
316.0,381.0
317.0,381.0
320.0,381.0
321.0,381.0
322.0,381.0
231.0,384.0
232.0,384.0
233.0,384.0
235.0,384.0
236.0,384.0
237.0,384.0
315.0,384.0
316.0,384.0
317.0,384.0
320.0,384.0
321.0,384.0
322.0,384.0
325.0,384.0
326.0,384.0
327.0,384.0
231.0,385.0
232.0,385.0
233.0,385.0
235.0,385.0
236.0,385.0
237.0,385.0
315.0,385.0
316.0,385.0
317.0,385.0
320.0,385.0
321.0,385.0
322.0,385.0
325.0,385.0
326.0,385.0
327.0,385.0
231.0,386.0
232.0,386.0
233.0,386.0
235.0,386.0
236.0,386.0
237.0,386.0
315.0,386.0
316.0,386.0
317.0,386.0
320.0,386.0
321.0,386.0
322.0,386.0
325.0,386.0
326.0,386.0
327.0,386.0
226.0,388.0
227.0,388.0
228.0,388.0
231.0,388.0
232.0,388.0
233.0,388.0
320.0,388.0
321.0,388.0
322.0,388.0
325.0,388.0
326.0,388.0
327.0,388.0
226.0,389.0
227.0,389.0
228.0,389.0
231.0,389.0
232.0,389.0
233.0,389.0
320.0,389.0
321.0,389.0
322.0,389.0
325.0,389.0
326.0,389.0
327.0,389.0
226.0,390.0
227.0,390.0
228.0,390.0
231.0,390.0
232.0,390.0
233.0,390.0
320.0,390.0
321.0,390.0
322.0,390.0
325.0,390.0
326.0,390.0
327.0,390.0
221.0,392.0
222.0,392.0
223.0,392.0
226.0,392.0
227.0,392.0
228.0,392.0
325.0,392.0
326.0,392.0
327.0,392.0
329.0,392.0
330.0,392.0
331.0,392.0
334.0,392.0
335.0,392.0
336.0,392.0
221.0,393.0
222.0,393.0
223.0,393.0
226.0,393.0
227.0,393.0
228.0,393.0
325.0,393.0
326.0,393.0
327.0,393.0
329.0,393.0
330.0,393.0
331.0,393.0
334.0,393.0
335.0,393.0
336.0,393.0
221.0,394.0
222.0,394.0
223.0,394.0
226.0,394.0
227.0,394.0
228.0,394.0
325.0,394.0
326.0,394.0
327.0,394.0
329.0,394.0
330.0,394.0
331.0,394.0
334.0,394.0
335.0,394.0
336.0,394.0
212.0,397.0
213.0,397.0
214.0,397.0
217.0,397.0
218.0,397.0
219.0,397.0
221.0,397.0
222.0,397.0
223.0,397.0
329.0,397.0
330.0,397.0
331.0,397.0
334.0,397.0
335.0,397.0
336.0,397.0
339.0,397.0
340.0,397.0
341.0,397.0
343.0,397.0
344.0,397.0
345.0,397.0
212.0,398.0
213.0,398.0
214.0,398.0
217.0,398.0
218.0,398.0
219.0,398.0
221.0,398.0
222.0,398.0
223.0,398.0
329.0,398.0
330.0,398.0
331.0,398.0
334.0,398.0
335.0,398.0
336.0,398.0
339.0,398.0
340.0,398.0
341.0,398.0
343.0,398.0
344.0,398.0
345.0,398.0
212.0,399.0
213.0,399.0
214.0,399.0
217.0,399.0
218.0,399.0
219.0,399.0
221.0,399.0
222.0,399.0
223.0,399.0
329.0,399.0
330.0,399.0
331.0,399.0
334.0,399.0
335.0,399.0
336.0,399.0
339.0,399.0
340.0,399.0
341.0,399.0
343.0,399.0
344.0,399.0
345.0,399.0
198.0,401.0
199.0,401.0
200.0,401.0
202.0,401.0
203.0,401.0
204.0,401.0
207.0,401.0
208.0,401.0
209.0,401.0
212.0,401.0
213.0,401.0
214.0,401.0
339.0,401.0
340.0,401.0
341.0,401.0
343.0,401.0
344.0,401.0
345.0,401.0
348.0,401.0
349.0,401.0
350.0,401.0
353.0,401.0
354.0,401.0
355.0,401.0
357.0,401.0
358.0,401.0
359.0,401.0
198.0,402.0
199.0,402.0
200.0,402.0
202.0,402.0
203.0,402.0
204.0,402.0
207.0,402.0
208.0,402.0
209.0,402.0
212.0,402.0
213.0,402.0
214.0,402.0
339.0,402.0
340.0,402.0
341.0,402.0
343.0,402.0
344.0,402.0
345.0,402.0
348.0,402.0
349.0,402.0
350.0,402.0
353.0,402.0
354.0,402.0
355.0,402.0
357.0,402.0
358.0,402.0
359.0,402.0
198.0,403.0
199.0,403.0
200.0,403.0
202.0,403.0
203.0,403.0
204.0,403.0
207.0,403.0
208.0,403.0
209.0,403.0
212.0,403.0
213.0,403.0
214.0,403.0
339.0,403.0
340.0,403.0
341.0,403.0
343.0,403.0
344.0,403.0
345.0,403.0
348.0,403.0
349.0,403.0
350.0,403.0
353.0,403.0
354.0,403.0
355.0,403.0
357.0,403.0
358.0,403.0
359.0,403.0
179.0,406.0
180.0,406.0
181.0,406.0
184.0,406.0
185.0,406.0
186.0,406.0
188.0,406.0
189.0,406.0
190.0,406.0
193.0,406.0
194.0,406.0
195.0,406.0
198.0,406.0
199.0,406.0
200.0,406.0
202.0,406.0
203.0,406.0
204.0,406.0
348.0,406.0
349.0,406.0
350.0,406.0
353.0,406.0
354.0,406.0
355.0,406.0
357.0,406.0
358.0,406.0
359.0,406.0
362.0,406.0
363.0,406.0
364.0,406.0
367.0,406.0
368.0,406.0
369.0,406.0
372.0,406.0
373.0,406.0
374.0,406.0
376.0,406.0
377.0,406.0
378.0,406.0
179.0,407.0
180.0,407.0
181.0,407.0
184.0,407.0
185.0,407.0
186.0,407.0
188.0,407.0
189.0,407.0
190.0,407.0
193.0,407.0
194.0,407.0
195.0,407.0
198.0,407.0
199.0,407.0
200.0,407.0
202.0,407.0
203.0,407.0
204.0,407.0
348.0,407.0
349.0,407.0
350.0,407.0
353.0,407.0
354.0,407.0
355.0,407.0
357.0,407.0
358.0,407.0
359.0,407.0
362.0,407.0
363.0,407.0
364.0,407.0
367.0,407.0
368.0,407.0
369.0,407.0
372.0,407.0
373.0,407.0
374.0,407.0
376.0,407.0
377.0,407.0
378.0,407.0
179.0,408.0
180.0,408.0
181.0,408.0
184.0,408.0
185.0,408.0
186.0,408.0
188.0,408.0
189.0,408.0
190.0,408.0
193.0,408.0
194.0,408.0
195.0,408.0
198.0,408.0
199.0,408.0
200.0,408.0
202.0,408.0
203.0,408.0
204.0,408.0
348.0,408.0
349.0,408.0
350.0,408.0
353.0,408.0
354.0,408.0
355.0,408.0
357.0,408.0
358.0,408.0
359.0,408.0
362.0,408.0
363.0,408.0
364.0,408.0
367.0,408.0
368.0,408.0
369.0,408.0
372.0,408.0
373.0,408.0
374.0,408.0
376.0,408.0
377.0,408.0
378.0,408.0
160.0,410.0
161.0,410.0
162.0,410.0
165.0,410.0
166.0,410.0
167.0,410.0
170.0,410.0
171.0,410.0
172.0,410.0
174.0,410.0
175.0,410.0
176.0,410.0
179.0,410.0
180.0,410.0
181.0,410.0
184.0,410.0
185.0,410.0
186.0,410.0
188.0,410.0
189.0,410.0
190.0,410.0
367.0,410.0
368.0,410.0
369.0,410.0
372.0,410.0
373.0,410.0
374.0,410.0
376.0,410.0
377.0,410.0
378.0,410.0
381.0,410.0
382.0,410.0
383.0,410.0
386.0,410.0
387.0,410.0
388.0,410.0
390.0,410.0
391.0,410.0
392.0,410.0
395.0,410.0
396.0,410.0
397.0,410.0
160.0,411.0
161.0,411.0
162.0,411.0
165.0,411.0
166.0,411.0
167.0,411.0
170.0,411.0
171.0,411.0
172.0,411.0
174.0,411.0
175.0,411.0
176.0,411.0
179.0,411.0
180.0,411.0
181.0,411.0
184.0,411.0
185.0,411.0
186.0,411.0
188.0,411.0
189.0,411.0
190.0,411.0
367.0,411.0
368.0,411.0
369.0,411.0
372.0,411.0
373.0,411.0
374.0,411.0
376.0,411.0
377.0,411.0
378.0,411.0
381.0,411.0
382.0,411.0
383.0,411.0
386.0,411.0
387.0,411.0
388.0,411.0
390.0,411.0
391.0,411.0
392.0,411.0
395.0,411.0
396.0,411.0
397.0,411.0
160.0,412.0
161.0,412.0
162.0,412.0
165.0,412.0
166.0,412.0
167.0,412.0
170.0,412.0
171.0,412.0
172.0,412.0
174.0,412.0
175.0,412.0
176.0,412.0
179.0,412.0
180.0,412.0
181.0,412.0
184.0,412.0
185.0,412.0
186.0,412.0
188.0,412.0
189.0,412.0
190.0,412.0
367.0,412.0
368.0,412.0
369.0,412.0
372.0,412.0
373.0,412.0
374.0,412.0
376.0,412.0
377.0,412.0
378.0,412.0
381.0,412.0
382.0,412.0
383.0,412.0
386.0,412.0
387.0,412.0
388.0,412.0
390.0,412.0
391.0,412.0
392.0,412.0
395.0,412.0
396.0,412.0
397.0,412.0
141.0,414.0
142.0,414.0
143.0,414.0
146.0,414.0
147.0,414.0
148.0,414.0
151.0,414.0
152.0,414.0
153.0,414.0
155.0,414.0
156.0,414.0
157.0,414.0
160.0,414.0
161.0,414.0
162.0,414.0
165.0,414.0
166.0,414.0
167.0,414.0
170.0,414.0
171.0,414.0
172.0,414.0
386.0,414.0
387.0,414.0
388.0,414.0
390.0,414.0
391.0,414.0
392.0,414.0
395.0,414.0
396.0,414.0
397.0,414.0
400.0,414.0
401.0,414.0
402.0,414.0
404.0,414.0
405.0,414.0
406.0,414.0
409.0,414.0
410.0,414.0
411.0,414.0
414.0,414.0
415.0,414.0
416.0,414.0
141.0,415.0
142.0,415.0
143.0,415.0
146.0,415.0
147.0,415.0
148.0,415.0
151.0,415.0
152.0,415.0
153.0,415.0
155.0,415.0
156.0,415.0
157.0,415.0
160.0,415.0
161.0,415.0
162.0,415.0
165.0,415.0
166.0,415.0
167.0,415.0
170.0,415.0
171.0,415.0
172.0,415.0
386.0,415.0
387.0,415.0
388.0,415.0
390.0,415.0
391.0,415.0
392.0,415.0
395.0,415.0
396.0,415.0
397.0,415.0
400.0,415.0
401.0,415.0
402.0,415.0
404.0,415.0
405.0,415.0
406.0,415.0
409.0,415.0
410.0,415.0
411.0,415.0
414.0,415.0
415.0,415.0
416.0,415.0
141.0,416.0
142.0,416.0
143.0,416.0
146.0,416.0
147.0,416.0
148.0,416.0
151.0,416.0
152.0,416.0
153.0,416.0
155.0,416.0
156.0,416.0
157.0,416.0
160.0,416.0
161.0,416.0
162.0,416.0
165.0,416.0
166.0,416.0
167.0,416.0
170.0,416.0
171.0,416.0
172.0,416.0
386.0,416.0
387.0,416.0
388.0,416.0
390.0,416.0
391.0,416.0
392.0,416.0
395.0,416.0
396.0,416.0
397.0,416.0
400.0,416.0
401.0,416.0
402.0,416.0
404.0,416.0
405.0,416.0
406.0,416.0
409.0,416.0
410.0,416.0
411.0,416.0
414.0,416.0
415.0,416.0
416.0,416.0
118.0,419.0
119.0,419.0
120.0,419.0
123.0,419.0
124.0,419.0
125.0,419.0
127.0,419.0
128.0,419.0
129.0,419.0
132.0,419.0
133.0,419.0
134.0,419.0
137.0,419.0
138.0,419.0
139.0,419.0
141.0,419.0
142.0,419.0
143.0,419.0
146.0,419.0
147.0,419.0
148.0,419.0
151.0,419.0
152.0,419.0
153.0,419.0
404.0,419.0
405.0,419.0
406.0,419.0
409.0,419.0
410.0,419.0
411.0,419.0
414.0,419.0
415.0,419.0
416.0,419.0
419.0,419.0
420.0,419.0
421.0,419.0
423.0,419.0
424.0,419.0
425.0,419.0
428.0,419.0
429.0,419.0
430.0,419.0
433.0,419.0
434.0,419.0
435.0,419.0
118.0,420.0
119.0,420.0
120.0,420.0
123.0,420.0
124.0,420.0
125.0,420.0
127.0,420.0
128.0,420.0
129.0,420.0
132.0,420.0
133.0,420.0
134.0,420.0
137.0,420.0
138.0,420.0
139.0,420.0
141.0,420.0
142.0,420.0
143.0,420.0
146.0,420.0
147.0,420.0
148.0,420.0
151.0,420.0
152.0,420.0
153.0,420.0
404.0,420.0
405.0,420.0
406.0,420.0
409.0,420.0
410.0,420.0
411.0,420.0
414.0,420.0
415.0,420.0
416.0,420.0
419.0,420.0
420.0,420.0
421.0,420.0
423.0,420.0
424.0,420.0
425.0,420.0
428.0,420.0
429.0,420.0
430.0,420.0
433.0,420.0
434.0,420.0
435.0,420.0
118.0,421.0
119.0,421.0
120.0,421.0
123.0,421.0
124.0,421.0
125.0,421.0
127.0,421.0
128.0,421.0
129.0,421.0
132.0,421.0
133.0,421.0
134.0,421.0
137.0,421.0
138.0,421.0
139.0,421.0
141.0,421.0
142.0,421.0
143.0,421.0
146.0,421.0
147.0,421.0
148.0,421.0
151.0,421.0
152.0,421.0
153.0,421.0
404.0,421.0
405.0,421.0
406.0,421.0
409.0,421.0
410.0,421.0
411.0,421.0
414.0,421.0
415.0,421.0
416.0,421.0
419.0,421.0
420.0,421.0
421.0,421.0
423.0,421.0
424.0,421.0
425.0,421.0
428.0,421.0
429.0,421.0
430.0,421.0
433.0,421.0
434.0,421.0
435.0,421.0
99.0,423.0
100.0,423.0
101.0,423.0
104.0,423.0
105.0,423.0
106.0,423.0
109.0,423.0
110.0,423.0
111.0,423.0
113.0,423.0
114.0,423.0
115.0,423.0
118.0,423.0
119.0,423.0
120.0,423.0
123.0,423.0
124.0,423.0
125.0,423.0
127.0,423.0
128.0,423.0
129.0,423.0
423.0,423.0
424.0,423.0
425.0,423.0
428.0,423.0
429.0,423.0
430.0,423.0
433.0,423.0
434.0,423.0
435.0,423.0
437.0,423.0
438.0,423.0
439.0,423.0
442.0,423.0
443.0,423.0
444.0,423.0
447.0,423.0
448.0,423.0
449.0,423.0
451.0,423.0
452.0,423.0
453.0,423.0
99.0,424.0
100.0,424.0
101.0,424.0
104.0,424.0
105.0,424.0
106.0,424.0
109.0,424.0
110.0,424.0
111.0,424.0
113.0,424.0
114.0,424.0
115.0,424.0
118.0,424.0
119.0,424.0
120.0,424.0
123.0,424.0
124.0,424.0
125.0,424.0
127.0,424.0
128.0,424.0
129.0,424.0
423.0,424.0
424.0,424.0
425.0,424.0
428.0,424.0
429.0,424.0
430.0,424.0
433.0,424.0
434.0,424.0
435.0,424.0
437.0,424.0
438.0,424.0
439.0,424.0
442.0,424.0
443.0,424.0
444.0,424.0
447.0,424.0
448.0,424.0
449.0,424.0
451.0,424.0
452.0,424.0
453.0,424.0
99.0,425.0
100.0,425.0
101.0,425.0
104.0,425.0
105.0,425.0
106.0,425.0
109.0,425.0
110.0,425.0
111.0,425.0
113.0,425.0
114.0,425.0
115.0,425.0
118.0,425.0
119.0,425.0
120.0,425.0
123.0,425.0
124.0,425.0
125.0,425.0
127.0,425.0
128.0,425.0
129.0,425.0
423.0,425.0
424.0,425.0
425.0,425.0
428.0,425.0
429.0,425.0
430.0,425.0
433.0,425.0
434.0,425.0
435.0,425.0
437.0,425.0
438.0,425.0
439.0,425.0
442.0,425.0
443.0,425.0
444.0,425.0
447.0,425.0
448.0,425.0
449.0,425.0
451.0,425.0
452.0,425.0
453.0,425.0
80.0,427.0
81.0,427.0
82.0,427.0
85.0,427.0
86.0,427.0
87.0,427.0
90.0,427.0
91.0,427.0
92.0,427.0
94.0,427.0
95.0,427.0
96.0,427.0
99.0,427.0
100.0,427.0
101.0,427.0
104.0,427.0
105.0,427.0
106.0,427.0
109.0,427.0
110.0,427.0
111.0,427.0
442.0,427.0
443.0,427.0
444.0,427.0
447.0,427.0
448.0,427.0
449.0,427.0
451.0,427.0
452.0,427.0
453.0,427.0
456.0,427.0
457.0,427.0
458.0,427.0
461.0,427.0
462.0,427.0
463.0,427.0
465.0,427.0
466.0,427.0
467.0,427.0
470.0,427.0
471.0,427.0
472.0,427.0
475.0,427.0
476.0,427.0
477.0,427.0
80.0,428.0
81.0,428.0
82.0,428.0
85.0,428.0
86.0,428.0
87.0,428.0
90.0,428.0
91.0,428.0
92.0,428.0
94.0,428.0
95.0,428.0
96.0,428.0
99.0,428.0
100.0,428.0
101.0,428.0
104.0,428.0
105.0,428.0
106.0,428.0
109.0,428.0
110.0,428.0
111.0,428.0
442.0,428.0
443.0,428.0
444.0,428.0
447.0,428.0
448.0,428.0
449.0,428.0
451.0,428.0
452.0,428.0
453.0,428.0
456.0,428.0
457.0,428.0
458.0,428.0
461.0,428.0
462.0,428.0
463.0,428.0
465.0,428.0
466.0,428.0
467.0,428.0
470.0,428.0
471.0,428.0
472.0,428.0
475.0,428.0
476.0,428.0
477.0,428.0
80.0,429.0
81.0,429.0
82.0,429.0
85.0,429.0
86.0,429.0
87.0,429.0
90.0,429.0
91.0,429.0
92.0,429.0
94.0,429.0
95.0,429.0
96.0,429.0
99.0,429.0
100.0,429.0
101.0,429.0
104.0,429.0
105.0,429.0
106.0,429.0
109.0,429.0
110.0,429.0
111.0,429.0
442.0,429.0
443.0,429.0
444.0,429.0
447.0,429.0
448.0,429.0
449.0,429.0
451.0,429.0
452.0,429.0
453.0,429.0
456.0,429.0
457.0,429.0
458.0,429.0
461.0,429.0
462.0,429.0
463.0,429.0
465.0,429.0
466.0,429.0
467.0,429.0
470.0,429.0
471.0,429.0
472.0,429.0
475.0,429.0
476.0,429.0
477.0,429.0
71.0,432.0
72.0,432.0
73.0,432.0
76.0,432.0
77.0,432.0
78.0,432.0
80.0,432.0
81.0,432.0
82.0,432.0
85.0,432.0
86.0,432.0
87.0,432.0
90.0,432.0
91.0,432.0
92.0,432.0
461.0,432.0
462.0,432.0
463.0,432.0
465.0,432.0
466.0,432.0
467.0,432.0
470.0,432.0
471.0,432.0
472.0,432.0
475.0,432.0
476.0,432.0
477.0,432.0
480.0,432.0
481.0,432.0
482.0,432.0
484.0,432.0
485.0,432.0
486.0,432.0
71.0,433.0
72.0,433.0
73.0,433.0
76.0,433.0
77.0,433.0
78.0,433.0
80.0,433.0
81.0,433.0
82.0,433.0
85.0,433.0
86.0,433.0
87.0,433.0
90.0,433.0
91.0,433.0
92.0,433.0
461.0,433.0
462.0,433.0
463.0,433.0
465.0,433.0
466.0,433.0
467.0,433.0
470.0,433.0
471.0,433.0
472.0,433.0
475.0,433.0
476.0,433.0
477.0,433.0
480.0,433.0
481.0,433.0
482.0,433.0
484.0,433.0
485.0,433.0
486.0,433.0
71.0,434.0
72.0,434.0
73.0,434.0
76.0,434.0
77.0,434.0
78.0,434.0
80.0,434.0
81.0,434.0
82.0,434.0
85.0,434.0
86.0,434.0
87.0,434.0
90.0,434.0
91.0,434.0
92.0,434.0
461.0,434.0
462.0,434.0
463.0,434.0
465.0,434.0
466.0,434.0
467.0,434.0
470.0,434.0
471.0,434.0
472.0,434.0
475.0,434.0
476.0,434.0
477.0,434.0
480.0,434.0
481.0,434.0
482.0,434.0
484.0,434.0
485.0,434.0
486.0,434.0
66.0,436.0
67.0,436.0
68.0,436.0
71.0,436.0
72.0,436.0
73.0,436.0
480.0,436.0
481.0,436.0
482.0,436.0
484.0,436.0
485.0,436.0
486.0,436.0
66.0,437.0
67.0,437.0
68.0,437.0
71.0,437.0
72.0,437.0
73.0,437.0
480.0,437.0
481.0,437.0
482.0,437.0
484.0,437.0
485.0,437.0
486.0,437.0
66.0,438.0
67.0,438.0
68.0,438.0
71.0,438.0
72.0,438.0
73.0,438.0
480.0,438.0
481.0,438.0
482.0,438.0
484.0,438.0
485.0,438.0
486.0,438.0
66.0,441.0
67.0,441.0
68.0,441.0
71.0,441.0
72.0,441.0
73.0,441.0
484.0,441.0
485.0,441.0
486.0,441.0
489.0,441.0
490.0,441.0
491.0,441.0
66.0,442.0
67.0,442.0
68.0,442.0
71.0,442.0
72.0,442.0
73.0,442.0
484.0,442.0
485.0,442.0
486.0,442.0
489.0,442.0
490.0,442.0
491.0,442.0
66.0,443.0
67.0,443.0
68.0,443.0
71.0,443.0
72.0,443.0
73.0,443.0
484.0,443.0
485.0,443.0
486.0,443.0
489.0,443.0
490.0,443.0
491.0,443.0
66.0,445.0
67.0,445.0
68.0,445.0
484.0,445.0
485.0,445.0
486.0,445.0
489.0,445.0
490.0,445.0
491.0,445.0
66.0,446.0
67.0,446.0
68.0,446.0
484.0,446.0
485.0,446.0
486.0,446.0
489.0,446.0
490.0,446.0
491.0,446.0
66.0,447.0
67.0,447.0
68.0,447.0
484.0,447.0
485.0,447.0
486.0,447.0
489.0,447.0
490.0,447.0
491.0,447.0
66.0,449.0
67.0,449.0
68.0,449.0
484.0,449.0
485.0,449.0
486.0,449.0
489.0,449.0
490.0,449.0
491.0,449.0
66.0,450.0
67.0,450.0
68.0,450.0
484.0,450.0
485.0,450.0
486.0,450.0
489.0,450.0
490.0,450.0
491.0,450.0
66.0,451.0
67.0,451.0
68.0,451.0
484.0,451.0
485.0,451.0
486.0,451.0
489.0,451.0
490.0,451.0
491.0,451.0
